,Filename,Set,Dice,HD,SurfaceDSC,SurfaceDistance
0,/home/akamath/Documents/textureodershape/data/Task09_Spleen-experiment/in-domain/test/image/image_0000.png,test,0.8395061492919922,3.605551275463989,1.0,1.4546901523184805
1,/home/akamath/Documents/textureodershape/data/Task09_Spleen-experiment/in-domain/test/image/image_0001.png,test,0.7629870176315308,49.92995093127971,0.7945205479452054,9.536584187642287
2,/home/akamath/Documents/textureodershape/data/Task09_Spleen-experiment/in-domain/test/image/image_0002.png,test,0.8085991740226746,38.897300677553446,0.8416289592760181,4.619318942868981
3,/home/akamath/Documents/textureodershape/data/Task09_Spleen-experiment/in-domain/test/image/image_0003.png,test,0.6546947360038757,56.824290580701486,0.6456140350877193,13.131726240051087
4,/home/akamath/Documents/textureodershape/data/Task09_Spleen-experiment/in-domain/test/image/image_0004.png,test,0.7995254993438721,6.082762530298219,0.941747572815534,2.7666563712508974
5,/home/akamath/Documents/textureodershape/data/Task09_Spleen-experiment/in-domain/test/image/image_0005.png,test,0.7568438053131104,7.280109889280518,0.8356807511737089,3.6196440566466648
6,/home/akamath/Documents/textureodershape/data/Task09_Spleen-experiment/in-domain/test/image/image_0006.png,test,0.7224048972129822,8.94427190999916,0.6063348416289592,4.519162625624001
7,/home/akamath/Documents/textureodershape/data/Task09_Spleen-experiment/in-domain/test/image/image_0007.png,test,0.7475898265838623,52.354560450833695,0.6473029045643154,7.590639385526157
8,/home/akamath/Documents/textureodershape/data/Task09_Spleen-experiment/in-domain/test/image/image_0008.png,test,0.7438681125640869,53.53503525729669,0.6578947368421053,9.896568821452886
9,/home/akamath/Documents/textureodershape/data/Task09_Spleen-experiment/in-domain/test/image/image_0009.png,test,0.7531347870826721,52.43090691567332,0.6066666666666667,11.957726919133066
10,/home/akamath/Documents/textureodershape/data/Task09_Spleen-experiment/in-domain/test/image/image_0010.png,test,0.7031082510948181,52.80151512977634,0.5904761904761905,12.225588962122599
11,/home/akamath/Documents/textureodershape/data/Task09_Spleen-experiment/in-domain/test/image/image_0011.png,test,0.731316089630127,50.0,0.6015037593984962,6.267496406286484
12,/home/akamath/Documents/textureodershape/data/Task09_Spleen-experiment/in-domain/test/image/image_0012.png,test,0.7572815418243408,17.72004514666935,0.5725190839694656,4.648179079073406
13,/home/akamath/Documents/textureodershape/data/Task09_Spleen-experiment/in-domain/test/image/image_0013.png,test,0.7322670221328735,17.46424919657298,0.550561797752809,5.148892517628711
14,/home/akamath/Documents/textureodershape/data/Task09_Spleen-experiment/in-domain/test/image/image_0014.png,test,0.748725414276123,91.92388155425118,0.6206896551724138,12.31531153445585
15,/home/akamath/Documents/textureodershape/data/Task09_Spleen-experiment/in-domain/test/image/image_0015.png,test,0.6885592937469482,53.907327887774215,0.5272108843537415,10.92285077829095
16,/home/akamath/Documents/textureodershape/data/Task09_Spleen-experiment/in-domain/test/image/image_0016.png,test,0.692307710647583,52.80151512977634,0.5220588235294118,9.714447501995354
17,/home/akamath/Documents/textureodershape/data/Task09_Spleen-experiment/in-domain/test/image/image_0017.png,test,0.7538678050041199,12.0,0.6995515695067265,4.059498506895841
18,/home/akamath/Documents/textureodershape/data/Task09_Spleen-experiment/in-domain/test/image/image_0018.png,test,0.7814269661903381,10.63014581273465,0.7839195979899497,3.2650480830514517
19,/home/akamath/Documents/textureodershape/data/Task09_Spleen-experiment/in-domain/test/image/image_0019.png,test,0.8232848048210144,5.0990195135927845,0.9943820224719101,2.420724618827874
20,/home/akamath/Documents/textureodershape/data/Task09_Spleen-experiment/in-domain/test/image/image_0020.png,test,0.7868561148643494,5.830951894845301,0.9411764705882353,2.6371159289615704
21,/home/akamath/Documents/textureodershape/data/Task09_Spleen-experiment/in-domain/test/image/image_0021.png,test,0.5043277740478516,65.76473218982953,0.5083333333333333,15.868180762586123
22,/home/akamath/Documents/textureodershape/data/Task09_Spleen-experiment/in-domain/test/image/image_0022.png,test,0.6752827167510986,59.36328831862332,0.658008658008658,11.330895408347773
23,/home/akamath/Documents/textureodershape/data/Task09_Spleen-experiment/in-domain/test/image/image_0023.png,test,0.7328794598579407,8.48528137423857,0.7090163934426229,4.521770465944925
24,/home/akamath/Documents/textureodershape/data/Task09_Spleen-experiment/in-domain/test/image/image_0024.png,test,0.7808930277824402,7.615773105863909,0.8125,3.8566414584505573
25,/home/akamath/Documents/textureodershape/data/Task09_Spleen-experiment/in-domain/test/image/image_0025.png,test,0.8079816699028015,38.897300677553446,0.8241042345276873,6.143961865286644
26,/home/akamath/Documents/textureodershape/data/Task09_Spleen-experiment/in-domain/test/image/image_0026.png,test,0.8206250071525574,36.796738985948195,0.7980456026058632,5.3694213103824255
27,/home/akamath/Documents/textureodershape/data/Task09_Spleen-experiment/in-domain/test/image/image_0027.png,test,0.8811488151550293,34.713109915419565,0.8888888888888888,4.298540878302399
28,/home/akamath/Documents/textureodershape/data/Task09_Spleen-experiment/in-domain/test/image/image_0028.png,test,0.9171483516693115,31.400636936215164,0.9486301369863014,2.8712317543680244
29,/home/akamath/Documents/textureodershape/data/Task09_Spleen-experiment/in-domain/test/image/image_0029.png,test,0.8996832370758057,30.4138126514911,0.9354838709677419,3.351410403101357
30,/home/akamath/Documents/textureodershape/data/Task09_Spleen-experiment/in-domain/test/image/image_0030.png,test,0.899960458278656,5.0,1.0,1.8633137815094019
31,/home/akamath/Documents/textureodershape/data/Task09_Spleen-experiment/in-domain/test/image/image_0031.png,test,0.9054054021835327,31.827660925679098,0.9307359307359307,3.26594881965902
32,/home/akamath/Documents/textureodershape/data/Task09_Spleen-experiment/in-domain/test/image/image_0032.png,test,0.9494348764419556,2.23606797749979,1.0,0.8044071444545801
33,/home/akamath/Documents/textureodershape/data/Task09_Spleen-experiment/in-domain/test/image/image_0033.png,test,0.8954970240592957,3.1622776601683795,1.0,1.3595227631963653
34,/home/akamath/Documents/textureodershape/data/Task09_Spleen-experiment/in-domain/test/image/image_0034.png,test,0.8806584477424622,4.0,1.0,1.1984550819605078
35,/home/akamath/Documents/textureodershape/data/Task09_Spleen-experiment/in-domain/test/image/image_0035.png,test,0.5116279125213623,28.160255680657446,0.6358974358974359,7.1991480401742525
36,/home/akamath/Documents/textureodershape/data/Task09_Spleen-experiment/in-domain/test/image/image_0036.png,test,0.8093699812889099,6.0,0.9788359788359788,2.1611359774046512
37,/home/akamath/Documents/textureodershape/data/Task09_Spleen-experiment/in-domain/test/image/image_0037.png,test,0.7915242910385132,8.246211251235321,0.915,2.6527326374468405
38,/home/akamath/Documents/textureodershape/data/Task09_Spleen-experiment/in-domain/test/image/image_0038.png,test,0.8261081576347351,16.64331697709324,0.8803418803418803,2.8308516067141425
39,/home/akamath/Documents/textureodershape/data/Task09_Spleen-experiment/in-domain/test/image/image_0039.png,test,0.8216587901115417,13.45362404707371,0.7957446808510639,3.0728591027358445
40,/home/akamath/Documents/textureodershape/data/Task09_Spleen-experiment/in-domain/test/image/image_0040.png,test,0.8600883483886719,6.324555320336759,0.910377358490566,2.3332798712414573
41,/home/akamath/Documents/textureodershape/data/Task09_Spleen-experiment/in-domain/test/image/image_0041.png,test,0.8911155462265015,5.0,1.0,1.5577522203743297
42,/home/akamath/Documents/textureodershape/data/Task09_Spleen-experiment/in-domain/test/image/image_0042.png,test,0.11299435049295425,154.38264151127873,0.23076923076923078,57.41433339628129
43,/home/akamath/Documents/textureodershape/data/Task09_Spleen-experiment/in-domain/test/image/image_0043.png,test,0.38750797510147095,154.00324671902212,0.42857142857142855,46.93925679650563
44,/home/akamath/Documents/textureodershape/data/Task09_Spleen-experiment/in-domain/test/image/image_0044.png,test,0.4173050820827484,159.53056133543816,0.4927536231884058,50.136816575373395
45,/home/akamath/Documents/textureodershape/data/Task09_Spleen-experiment/in-domain/test/image/image_0045.png,test,0.5890052318572998,153.79206741571556,0.6383647798742138,43.602949301882774
46,/home/akamath/Documents/textureodershape/data/Task09_Spleen-experiment/in-domain/test/image/image_0046.png,test,0.5411195755004883,152.7121475194426,0.5454545454545454,44.02699295244494
47,/home/akamath/Documents/textureodershape/data/Task09_Spleen-experiment/in-domain/test/image/image_0047.png,test,0.6363902688026428,147.13599151805107,0.6230366492146597,37.23451158915294
48,/home/akamath/Documents/textureodershape/data/Task09_Spleen-experiment/in-domain/test/image/image_0048.png,test,0.8392749428749084,131.8256424221024,0.852760736196319,16.560326647229783
49,/home/akamath/Documents/textureodershape/data/Task09_Spleen-experiment/in-domain/test/image/image_0049.png,test,0.8878998756408691,123.40583454602137,0.9196428571428571,11.181522974417538
50,/home/akamath/Documents/textureodershape/data/Task09_Spleen-experiment/in-domain/test/image/image_0050.png,test,0.8918275833129883,119.09659944767525,0.9104477611940298,7.144426062699002
51,/home/akamath/Documents/textureodershape/data/Task09_Spleen-experiment/in-domain/test/image/image_0051.png,test,0.8813916444778442,7.0710678118654755,0.9278996865203761,2.3618435830794438
52,/home/akamath/Documents/textureodershape/data/Task09_Spleen-experiment/in-domain/test/image/image_0052.png,test,0.879654586315155,7.615773105863909,0.937888198757764,2.3442949634143764
53,/home/akamath/Documents/textureodershape/data/Task09_Spleen-experiment/in-domain/test/image/image_0053.png,test,0.8361647129058838,12.041594578792296,0.8817891373801917,3.1140863174576
54,/home/akamath/Documents/textureodershape/data/Task09_Spleen-experiment/in-domain/test/image/image_0054.png,test,0.8366960883140564,11.045361017187261,0.8842443729903537,2.856722056181494
55,/home/akamath/Documents/textureodershape/data/Task09_Spleen-experiment/in-domain/test/image/image_0055.png,test,0.8463203310966492,12.0,0.9238410596026491,2.446861982958238
56,/home/akamath/Documents/textureodershape/data/Task09_Spleen-experiment/in-domain/test/image/image_0056.png,test,0.8623931407928467,12.0,0.9285714285714286,2.0808121743469585
57,/home/akamath/Documents/textureodershape/data/Task09_Spleen-experiment/in-domain/test/image/image_0057.png,test,0.8157389760017395,9.219544457292887,0.8244274809160306,2.5498933909688675
58,/home/akamath/Documents/textureodershape/data/Task09_Spleen-experiment/in-domain/test/image/image_0058.png,test,0.7363927364349365,13.892443989449804,0.7550200803212851,3.5542627672593934
59,/home/akamath/Documents/textureodershape/data/Task09_Spleen-experiment/in-domain/test/image/image_0059.png,test,0.6451227068901062,16.55294535724685,0.6594827586206896,4.672759642347144
60,/home/akamath/Documents/textureodershape/data/Task09_Spleen-experiment/in-domain/test/image/image_0060.png,test,0.5654237270355225,17.804493814764857,0.5789473684210527,5.5288955067685155
61,/home/akamath/Documents/textureodershape/data/Task09_Spleen-experiment/in-domain/test/image/image_0061.png,test,0.6610526442527771,62.609903369994115,0.6384180790960452,7.119818478495876
62,/home/akamath/Documents/textureodershape/data/Task09_Spleen-experiment/in-domain/test/image/image_0062.png,test,0.7388059496879578,13.45362404707371,0.8275862068965517,3.047781700380633
63,/home/akamath/Documents/textureodershape/data/Task09_Spleen-experiment/in-domain/test/image/image_0063.png,test,0.7665847539901733,13.45362404707371,0.8351063829787234,2.902523638460425
64,/home/akamath/Documents/textureodershape/data/Task09_Spleen-experiment/in-domain/test/image/image_0064.png,test,0.743697464466095,24.041630560342615,0.7870370370370371,4.241692924023824
65,/home/akamath/Documents/textureodershape/data/Task09_Spleen-experiment/in-domain/test/image/image_0065.png,test,0.7511674165725708,19.79898987322333,0.8136363636363636,3.7274127889631234
66,/home/akamath/Documents/textureodershape/data/Task09_Spleen-experiment/in-domain/test/image/image_0066.png,test,0.787451982498169,19.1049731745428,0.8348214285714286,3.2625161986003803
67,/home/akamath/Documents/textureodershape/data/Task09_Spleen-experiment/in-domain/test/image/image_0067.png,test,0.8029925227165222,17.69180601295413,0.8311111111111111,2.993706607194309
68,/home/akamath/Documents/textureodershape/data/Task09_Spleen-experiment/in-domain/test/image/image_0068.png,test,0.8034188151359558,16.97056274847714,0.8281938325991189,3.044281836396646
69,/home/akamath/Documents/textureodershape/data/Task09_Spleen-experiment/in-domain/test/image/image_0069.png,test,0.783081591129303,16.97056274847714,0.8078602620087336,3.4735519000528794
70,/home/akamath/Documents/textureodershape/data/Task09_Spleen-experiment/in-domain/test/image/image_0070.png,test,0.8019323945045471,21.2602916254693,0.8471615720524017,3.515179689832632
71,/home/akamath/Documents/textureodershape/data/Task09_Spleen-experiment/in-domain/test/image/image_0071.png,test,0.7566647529602051,46.8187996428785,0.7480916030534351,6.789027426092939
72,/home/akamath/Documents/textureodershape/data/Task09_Spleen-experiment/in-domain/test/image/image_0072.png,test,0.7242841720581055,46.486557196677836,0.696113074204947,8.389263191900504
73,/home/akamath/Documents/textureodershape/data/Task09_Spleen-experiment/in-domain/test/image/image_0073.png,test,0.6820040941238403,44.82186966202994,0.6404109589041096,9.540501410444408
74,/home/akamath/Documents/textureodershape/data/Task09_Spleen-experiment/in-domain/test/image/image_0074.png,test,0.6620892882347107,43.657759905886145,0.6413793103448275,9.40677376133451
75,/home/akamath/Documents/textureodershape/data/Task09_Spleen-experiment/in-domain/test/image/image_0075.png,test,0.6839134693145752,44.40720662234904,0.6543624161073825,9.136381303824253
76,/home/akamath/Documents/textureodershape/data/Task09_Spleen-experiment/in-domain/test/image/image_0076.png,test,0.7248628735542297,44.40720662234904,0.6996699669966997,8.611455356746504
77,/home/akamath/Documents/textureodershape/data/Task09_Spleen-experiment/in-domain/test/image/image_0077.png,test,0.7288732528686523,44.204072210600685,0.7138263665594855,8.264085168849807
78,/home/akamath/Documents/textureodershape/data/Task09_Spleen-experiment/in-domain/test/image/image_0078.png,test,0.7101937532424927,44.04543109109048,0.6942675159235668,8.386511362376996
79,/home/akamath/Documents/textureodershape/data/Task09_Spleen-experiment/in-domain/test/image/image_0079.png,test,0.7078423500061035,43.86342439892262,0.6676923076923077,8.477352634209607
80,/home/akamath/Documents/textureodershape/data/Task09_Spleen-experiment/in-domain/test/image/image_0080.png,test,0.6771777868270874,44.553338819890925,0.6537313432835821,8.925185302167538
81,/home/akamath/Documents/textureodershape/data/Task09_Spleen-experiment/in-domain/test/image/image_0081.png,test,0.6747839450836182,43.86342439892262,0.6407185628742516,8.83232175722664
82,/home/akamath/Documents/textureodershape/data/Task09_Spleen-experiment/in-domain/test/image/image_0082.png,test,0.723747968673706,42.01190307520001,0.7027863777089783,8.000825725500558
83,/home/akamath/Documents/textureodershape/data/Task09_Spleen-experiment/in-domain/test/image/image_0083.png,test,0.7242087721824646,39.698866482558415,0.6900958466453674,7.730083210319972
84,/home/akamath/Documents/textureodershape/data/Task09_Spleen-experiment/in-domain/test/image/image_0084.png,test,0.7305141091346741,38.28837943815329,0.6818181818181818,7.484985390540921
85,/home/akamath/Documents/textureodershape/data/Task09_Spleen-experiment/in-domain/test/image/image_0085.png,test,0.7482313513755798,38.18376618407357,0.6831683168316832,7.268022426998875
86,/home/akamath/Documents/textureodershape/data/Task09_Spleen-experiment/in-domain/test/image/image_0086.png,test,0.7892031073570251,37.48332962798263,0.7710437710437711,6.587787025748186
87,/home/akamath/Documents/textureodershape/data/Task09_Spleen-experiment/in-domain/test/image/image_0087.png,test,0.8374384045600891,36.76955262170047,0.8197879858657244,5.8480609936747046
88,/home/akamath/Documents/textureodershape/data/Task09_Spleen-experiment/in-domain/test/image/image_0088.png,test,0.836743950843811,36.069377593742864,0.8382352941176471,5.731087672477302
89,/home/akamath/Documents/textureodershape/data/Task09_Spleen-experiment/in-domain/test/image/image_0089.png,test,0.8357510566711426,35.35533905932738,0.8426966292134831,5.635254947683132
90,/home/akamath/Documents/textureodershape/data/Task09_Spleen-experiment/in-domain/test/image/image_0090.png,test,0.8317802548408508,34.655446902326915,0.8549019607843137,5.432519198440875
91,/home/akamath/Documents/textureodershape/data/Task09_Spleen-experiment/in-domain/test/image/image_0091.png,test,0.8497409224510193,33.421549934136806,0.8775510204081632,4.679735714447981
92,/home/akamath/Documents/textureodershape/data/Task09_Spleen-experiment/in-domain/test/image/image_0092.png,test,0.8486841917037964,32.55764119219941,0.8893617021276595,4.150320644927349
93,/home/akamath/Documents/textureodershape/data/Task09_Spleen-experiment/in-domain/test/image/image_0093.png,test,0.8463329672813416,31.827660925679098,0.9004524886877828,3.6246920980701556
94,/home/akamath/Documents/textureodershape/data/Task09_Spleen-experiment/in-domain/test/image/image_0094.png,test,0.8441158533096313,5.385164807134504,0.9902439024390244,1.9986930454090464
95,/home/akamath/Documents/textureodershape/data/Task09_Spleen-experiment/in-domain/test/image/image_0095.png,test,0.8098078370094299,5.385164807134504,0.9897959183673469,2.3575106042315133
96,/home/akamath/Documents/textureodershape/data/Task09_Spleen-experiment/in-domain/test/image/image_0096.png,test,0.8132322430610657,5.385164807134504,0.9894736842105263,2.3451524565075834
97,/home/akamath/Documents/textureodershape/data/Task09_Spleen-experiment/in-domain/test/image/image_0097.png,test,0.834502100944519,5.656854249492381,0.9679144385026738,2.063443809524617
98,/home/akamath/Documents/textureodershape/data/Task09_Spleen-experiment/in-domain/test/image/image_0098.png,test,0.8281141519546509,5.385164807134504,0.9895833333333334,2.09476509334245
99,/home/akamath/Documents/textureodershape/data/Task09_Spleen-experiment/in-domain/test/image/image_0099.png,test,0.8038673996925354,5.385164807134504,0.9794871794871794,2.3764184744718904
100,/home/akamath/Documents/textureodershape/data/Task09_Spleen-experiment/in-domain/test/image/image_0100.png,test,0.7717171907424927,5.656854249492381,0.96,2.7829850883481413
101,/home/akamath/Documents/textureodershape/data/Task09_Spleen-experiment/in-domain/test/image/image_0101.png,test,0.7399463653564453,6.4031242374328485,0.864321608040201,3.1709272989071358
102,/home/akamath/Documents/textureodershape/data/Task09_Spleen-experiment/in-domain/test/image/image_0102.png,test,0.6872942447662354,8.54400374531753,0.7303921568627451,3.831174363716214
103,/home/akamath/Documents/textureodershape/data/Task09_Spleen-experiment/in-domain/test/image/image_0103.png,test,0.6707152724266052,11.045361017187261,0.7241379310344828,4.049642145548937
104,/home/akamath/Documents/textureodershape/data/Task09_Spleen-experiment/in-domain/test/image/image_0104.png,test,0.6516537666320801,11.180339887498949,0.7346938775510204,4.265492859110885
105,/home/akamath/Documents/textureodershape/data/Task09_Spleen-experiment/in-domain/test/image/image_0105.png,test,0.5729729533195496,13.038404810405298,0.49238578680203043,5.424405446856148
106,/home/akamath/Documents/textureodershape/data/Task09_Spleen-experiment/in-domain/test/image/image_0106.png,test,0.5112359523773193,15.231546211727817,0.35789473684210527,6.251430542183316
107,/home/akamath/Documents/textureodershape/data/Task09_Spleen-experiment/in-domain/test/image/image_0107.png,test,0.4579710066318512,45.79301256742124,0.4444444444444444,11.896383077855294
108,/home/akamath/Documents/textureodershape/data/Task09_Spleen-experiment/in-domain/test/image/image_0108.png,test,0.5085872411727905,54.70831746635972,0.5189393939393939,14.53710687677514
109,/home/akamath/Documents/textureodershape/data/Task09_Spleen-experiment/in-domain/test/image/image_0109.png,test,0.5621521472930908,49.040799340956916,0.5795053003533569,12.104433998675905
110,/home/akamath/Documents/textureodershape/data/Task09_Spleen-experiment/in-domain/test/image/image_0110.png,test,0.616457462310791,47.16990566028302,0.5987654320987654,10.817457569256156
111,/home/akamath/Documents/textureodershape/data/Task09_Spleen-experiment/in-domain/test/image/image_0111.png,test,0.8023653626441956,38.58756276314948,0.8154761904761905,5.460162794741744
112,/home/akamath/Documents/textureodershape/data/Task09_Spleen-experiment/in-domain/test/image/image_0112.png,test,0.833568811416626,8.06225774829855,0.8277945619335347,2.9554706013618923
113,/home/akamath/Documents/textureodershape/data/Task09_Spleen-experiment/in-domain/test/image/image_0113.png,test,0.7838199734687805,13.892443989449804,0.7241379310344828,4.0378976535004965
114,/home/akamath/Documents/textureodershape/data/Task09_Spleen-experiment/in-domain/test/image/image_0114.png,test,0.8144578337669373,23.600847442411894,0.8165374677002584,3.812234969442053
115,/home/akamath/Documents/textureodershape/data/Task09_Spleen-experiment/in-domain/test/image/image_0115.png,test,0.8107344508171082,21.470910553583888,0.7716535433070866,3.913658431649917
116,/home/akamath/Documents/textureodershape/data/Task09_Spleen-experiment/in-domain/test/image/image_0116.png,test,0.8391575813293457,21.93171219946131,0.8241469816272966,3.57190404028631
117,/home/akamath/Documents/textureodershape/data/Task09_Spleen-experiment/in-domain/test/image/image_0117.png,test,0.9475664496421814,7.0710678118654755,0.9805013927576601,1.08725079629041
118,/home/akamath/Documents/textureodershape/data/Task09_Spleen-experiment/in-domain/test/image/image_0118.png,test,0.8352680802345276,14.317821063276353,0.8832335329341318,3.2115284343511648
119,/home/akamath/Documents/textureodershape/data/Task09_Spleen-experiment/in-domain/test/image/image_0119.png,test,0.8350877165794373,17.88854381999832,0.8506493506493507,3.1447268392930416
120,/home/akamath/Documents/textureodershape/data/Task09_Spleen-experiment/in-domain/test/image/image_0120.png,test,0.8827183246612549,12.529964086141668,0.9204152249134948,1.998991145012675
121,/home/akamath/Documents/textureodershape/data/Task09_Spleen-experiment/in-domain/test/image/image_0121.png,test,0.8451845049858093,151.82226450688975,0.8,17.217114202242488
122,/home/akamath/Documents/textureodershape/data/Task09_Spleen-experiment/in-domain/test/image/image_0122.png,test,0.7916443347930908,155.08062419270823,0.7421602787456446,25.11895597509267
123,/home/akamath/Documents/textureodershape/data/Task09_Spleen-experiment/in-domain/test/image/image_0123.png,test,0.39361703395843506,161.47445618425226,0.44654088050314467,59.57357792503137
124,/home/akamath/Documents/textureodershape/data/Task09_Spleen-experiment/in-domain/test/image/image_0124.png,test,0.4331960082054138,151.0,0.35384615384615387,15.674255842761443
125,/home/akamath/Documents/textureodershape/data/Task09_Spleen-experiment/in-domain/test/image/image_0125.png,test,0.5096799731254578,160.37767924496225,0.4142857142857143,45.697878632988534
126,/home/akamath/Documents/textureodershape/data/Task09_Spleen-experiment/in-domain/test/image/image_0126.png,test,0.5262211561203003,153.4959282847594,0.4344660194174757,47.78538676487299
127,/home/akamath/Documents/textureodershape/data/Task09_Spleen-experiment/in-domain/test/image/image_0127.png,test,0.7223357558250427,151.82226450688975,0.6397849462365591,32.720874253297204
128,/home/akamath/Documents/textureodershape/data/Task09_Spleen-experiment/in-domain/test/image/image_0128.png,test,0.6823015809059143,151.0132444522665,0.5569948186528497,33.31044667402161
129,/home/akamath/Documents/textureodershape/data/Task09_Spleen-experiment/in-domain/test/image/image_0129.png,test,0.5992292761802673,151.99013125857877,0.4308093994778068,36.62761701293559
130,/home/akamath/Documents/textureodershape/data/Task09_Spleen-experiment/in-domain/test/image/image_0130.png,test,0.7212105393409729,151.43315356948756,0.5780821917808219,33.884462965983694
131,/home/akamath/Documents/textureodershape/data/Task09_Spleen-experiment/in-domain/test/image/image_0131.png,test,0.7156164646148682,151.2679741386127,0.5818713450292398,27.57272399664853
132,/home/akamath/Documents/textureodershape/data/Task09_Spleen-experiment/in-domain/test/image/image_0132.png,test,0.8234887719154358,8.06225774829855,0.835820895522388,3.1908073339346483
133,/home/akamath/Documents/textureodershape/data/Task09_Spleen-experiment/in-domain/test/image/image_0133.png,test,0.8732234239578247,7.615773105863909,0.9646464646464646,1.9452450719903276
134,/home/akamath/Documents/textureodershape/data/Task09_Spleen-experiment/in-domain/test/image/image_0134.png,test,0.5787965655326843,8.06225774829855,0.6410256410256411,4.296899235333206
135,/home/akamath/Documents/textureodershape/data/Task09_Spleen-experiment/in-domain/test/image/image_0135.png,test,0.8129032254219055,8.602325267042627,0.9264705882352942,1.8560902718465204
136,/home/akamath/Documents/textureodershape/data/Task09_Spleen-experiment/in-domain/test/image/image_0136.png,test,0.8367729783058167,7.810249675906654,0.9440993788819876,1.9075551507763098
137,/home/akamath/Documents/textureodershape/data/Task09_Spleen-experiment/in-domain/test/image/image_0137.png,test,0.8812459707260132,6.0,0.9701492537313433,1.5409741683528588
138,/home/akamath/Documents/textureodershape/data/Task09_Spleen-experiment/in-domain/test/image/image_0138.png,test,0.855201244354248,7.280109889280518,0.8923766816143498,2.058982850218649
139,/home/akamath/Documents/textureodershape/data/Task09_Spleen-experiment/in-domain/test/image/image_0139.png,test,0.8148837089538574,6.324555320336759,0.8913043478260869,2.8015244399794286
140,/home/akamath/Documents/textureodershape/data/Task09_Spleen-experiment/in-domain/test/image/image_0140.png,test,0.8367347121238708,7.211102550927978,0.9451476793248945,2.5230734681105096
141,/home/akamath/Documents/textureodershape/data/Task09_Spleen-experiment/in-domain/test/image/image_0141.png,test,0.8455910682678223,8.48528137423857,0.9140625,2.5859602608271612
142,/home/akamath/Documents/textureodershape/data/Task09_Spleen-experiment/in-domain/test/image/image_0142.png,test,0.8326581716537476,20.223748416156685,0.8825396825396825,3.518907274952369
143,/home/akamath/Documents/textureodershape/data/Task09_Spleen-experiment/in-domain/test/image/image_0143.png,test,0.8122646808624268,25.0,0.844574780058651,4.286447827249974
144,/home/akamath/Documents/textureodershape/data/Task09_Spleen-experiment/in-domain/test/image/image_0144.png,test,0.7836650013923645,28.442925306655784,0.7593123209169055,5.232232712902274
145,/home/akamath/Documents/textureodershape/data/Task09_Spleen-experiment/in-domain/test/image/image_0145.png,test,0.7197420597076416,40.607881008493905,0.6286549707602339,8.11277601720212
146,/home/akamath/Documents/textureodershape/data/Task09_Spleen-experiment/in-domain/test/image/image_0146.png,test,0.7132370471954346,38.8329756778952,0.5677233429394812,8.17747639275107
147,/home/akamath/Documents/textureodershape/data/Task09_Spleen-experiment/in-domain/test/image/image_0147.png,test,0.7300989031791687,35.35533905932738,0.5966386554621849,7.19110182146204
148,/home/akamath/Documents/textureodershape/data/Task09_Spleen-experiment/in-domain/test/image/image_0148.png,test,0.7470056414604187,32.7566787083184,0.6299435028248588,6.451422624395144
149,/home/akamath/Documents/textureodershape/data/Task09_Spleen-experiment/in-domain/test/image/image_0149.png,test,0.7636647820472717,31.78049716414141,0.6762177650429799,5.881783389143166
150,/home/akamath/Documents/textureodershape/data/Task09_Spleen-experiment/in-domain/test/image/image_0150.png,test,0.8011922240257263,25.96150997149434,0.7485029940119761,4.4309225676261255
151,/home/akamath/Documents/textureodershape/data/Task09_Spleen-experiment/in-domain/test/image/image_0151.png,test,0.8511530160903931,12.649110640673518,0.8547297297297297,2.609757885437139
152,/home/akamath/Documents/textureodershape/data/Task09_Spleen-experiment/in-domain/test/image/image_0152.png,test,0.8879003524780273,6.0,0.9923954372623575,1.6670001087277424
153,/home/akamath/Documents/textureodershape/data/Task09_Spleen-experiment/in-domain/test/image/image_0153.png,test,0.7065292000770569,11.704699910719626,0.8446601941747572,3.601419495151028
154,/home/akamath/Documents/textureodershape/data/Task09_Spleen-experiment/in-domain/test/image/image_0154.png,test,0.3922518193721771,184.31766057543157,0.43820224719101125,19.442557739491445
155,/home/akamath/Documents/textureodershape/data/Task09_Spleen-experiment/in-domain/test/image/image_0155.png,test,0.6985839605331421,180.67650649710936,0.7195121951219512,21.015565763558644
156,/home/akamath/Documents/textureodershape/data/Task09_Spleen-experiment/in-domain/test/image/image_0156.png,test,0.7748069167137146,18.788294228055936,0.8651162790697674,3.622863238226922
157,/home/akamath/Documents/textureodershape/data/Task09_Spleen-experiment/in-domain/test/image/image_0157.png,test,0.7111111283302307,184.1140950606444,0.6324503311258278,38.9301938125458
158,/home/akamath/Documents/textureodershape/data/Task09_Spleen-experiment/in-domain/test/image/image_0158.png,test,0.6114023327827454,187.00267377767625,0.5335120643431636,57.55096504933972
159,/home/akamath/Documents/textureodershape/data/Task09_Spleen-experiment/in-domain/test/image/image_0159.png,test,0.7680636048316956,173.1040149736568,0.6933333333333334,22.91282930962335
160,/home/akamath/Documents/textureodershape/data/Task09_Spleen-experiment/in-domain/test/image/image_0160.png,test,0.6425489783287048,183.84776310850236,0.5658263305322129,47.02980420493235
161,/home/akamath/Documents/textureodershape/data/Task09_Spleen-experiment/in-domain/test/image/image_0161.png,test,0.7046154141426086,171.77310616042314,0.5958904109589042,50.214570146958906
162,/home/akamath/Documents/textureodershape/data/Task09_Spleen-experiment/in-domain/test/image/image_0162.png,test,0.7877870202064514,162.1172415260018,0.7356608478802993,32.25420882666792
163,/home/akamath/Documents/textureodershape/data/Task09_Spleen-experiment/in-domain/test/image/image_0163.png,test,0.7379358410835266,159.08802594790095,0.5970149253731343,29.20634168834273
164,/home/akamath/Documents/textureodershape/data/Task09_Spleen-experiment/in-domain/test/image/image_0164.png,test,0.7292314767837524,152.76452467768817,0.4673913043478261,20.65213065506207
165,/home/akamath/Documents/textureodershape/data/Task09_Spleen-experiment/in-domain/test/image/image_0165.png,test,0.5714285969734192,148.66068747318505,0.3073286052009456,39.08059506858252
166,/home/akamath/Documents/textureodershape/data/Task09_Spleen-experiment/in-domain/test/image/image_0166.png,test,0.6384594440460205,100.41912168506553,0.35060975609756095,13.46041831338323
167,/home/akamath/Documents/textureodershape/data/Task09_Spleen-experiment/in-domain/test/image/image_0167.png,test,0.621132493019104,91.0494371207203,0.3811074918566775,9.800836666088687
168,/home/akamath/Documents/textureodershape/data/Task09_Spleen-experiment/in-domain/test/image/image_0168.png,test,0.6012309789657593,29.966648127543394,0.3945578231292517,8.524485908996883
169,/home/akamath/Documents/textureodershape/data/Task09_Spleen-experiment/in-domain/test/image/image_0169.png,test,0.5451183319091797,30.528675044947494,0.30111524163568776,9.147844611850973
170,/home/akamath/Documents/textureodershape/data/Task09_Spleen-experiment/in-domain/test/image/image_0170.png,test,0.6207674741744995,24.698178070456937,0.43272727272727274,7.143847303705752
171,/home/akamath/Documents/textureodershape/data/Task09_Spleen-experiment/in-domain/test/image/image_0171.png,test,0.5566525459289551,27.459060435491963,0.3401639344262295,8.01526604058621
172,/home/akamath/Documents/textureodershape/data/Task09_Spleen-experiment/in-domain/test/image/image_0172.png,test,0.5622317790985107,26.076809620810597,0.5423728813559322,7.398252157127942
173,/home/akamath/Documents/textureodershape/data/Task09_Spleen-experiment/in-domain/test/image/image_0173.png,test,0.5464895367622375,20.808652046684813,0.5482456140350878,6.876949874077095
174,/home/akamath/Documents/textureodershape/data/Task09_Spleen-experiment/in-domain/test/image/image_0174.png,test,0.6138490438461304,21.93171219946131,0.5668016194331984,6.9359278109983125
175,/home/akamath/Documents/textureodershape/data/Task09_Spleen-experiment/in-domain/test/image/image_0175.png,test,0.44117647409439087,28.178005607210743,0.4666666666666667,9.78781067746993
176,/home/akamath/Documents/textureodershape/data/Task09_Spleen-experiment/in-domain/test/image/image_0176.png,test,0.4574074149131775,35.84689665786984,0.5607476635514018,11.108393617999099
177,/home/akamath/Documents/textureodershape/data/Task09_Spleen-experiment/in-domain/test/image/image_0177.png,test,0.0,inf,0.0,inf
178,/home/akamath/Documents/textureodershape/data/Task09_Spleen-experiment/in-domain/test/image/image_0178.png,test,0.0,inf,0.0,inf
179,/home/akamath/Documents/textureodershape/data/Task09_Spleen-experiment/in-domain/test/image/image_0179.png,test,0.792432427406311,12.165525060596439,0.796,2.883338488262761
180,/home/akamath/Documents/textureodershape/data/Task09_Spleen-experiment/in-domain/test/image/image_0180.png,test,0.8743038773536682,5.830951894845301,0.9831081081081081,1.878125018789855
181,/home/akamath/Documents/textureodershape/data/Task09_Spleen-experiment/in-domain/test/image/image_0181.png,test,0.8119787573814392,14.035668847618199,0.856655290102389,3.0614216083940065
182,/home/akamath/Documents/textureodershape/data/Task09_Spleen-experiment/in-domain/test/image/image_0182.png,test,0.6697855591773987,24.186773244895647,0.6537102473498233,5.7277833259651185
183,/home/akamath/Documents/textureodershape/data/Task09_Spleen-experiment/in-domain/test/image/image_0183.png,test,0.658762514591217,29.068883707497267,0.5795053003533569,6.5916811925631205
184,/home/akamath/Documents/textureodershape/data/Task09_Spleen-experiment/in-domain/test/image/image_0184.png,test,0.7627785205841064,22.360679774997898,0.7482993197278912,4.72073072665342
185,/home/akamath/Documents/textureodershape/data/Task09_Spleen-experiment/in-domain/test/image/image_0185.png,test,0.8328507542610168,18.24828759089466,0.7885196374622356,3.441060853245075
186,/home/akamath/Documents/textureodershape/data/Task09_Spleen-experiment/in-domain/test/image/image_0186.png,test,0.7373678088188171,23.0,0.7009966777408638,5.396292281214801
187,/home/akamath/Documents/textureodershape/data/Task09_Spleen-experiment/in-domain/test/image/image_0187.png,test,0.6419914960861206,22.360679774997898,0.5071428571428571,6.989361374214958
188,/home/akamath/Documents/textureodershape/data/Task09_Spleen-experiment/in-domain/test/image/image_0188.png,test,0.6839481592178345,15.652475842498529,0.41762452107279696,6.4114888549036175
189,/home/akamath/Documents/textureodershape/data/Task09_Spleen-experiment/in-domain/test/image/image_0189.png,test,0.7518650889396667,11.704699910719626,0.5793357933579336,5.06147717082279
190,/home/akamath/Documents/textureodershape/data/Task09_Spleen-experiment/in-domain/test/image/image_0190.png,test,0.738418698310852,13.45362404707371,0.5795454545454546,5.174032635143819
191,/home/akamath/Documents/textureodershape/data/Task09_Spleen-experiment/in-domain/test/image/image_0191.png,test,0.7190648913383484,13.341664064126334,0.628099173553719,5.172785961164302
192,/home/akamath/Documents/textureodershape/data/Task09_Spleen-experiment/in-domain/test/image/image_0192.png,test,0.7111324667930603,14.317821063276353,0.6619718309859155,5.061476054849864
193,/home/akamath/Documents/textureodershape/data/Task09_Spleen-experiment/in-domain/test/image/image_0193.png,test,0.4540983736515045,53.2634959423431,0.16483516483516483,15.514305106935991
194,/home/akamath/Documents/textureodershape/data/Task09_Spleen-experiment/in-domain/test/image/image_0194.png,test,0.7207547426223755,164.24676556937126,0.7380952380952381,24.16538155760687
195,/home/akamath/Documents/textureodershape/data/Task09_Spleen-experiment/in-domain/test/image/image_0195.png,test,0.8641975522041321,3.605551275463989,1.0,1.5912581085954793
196,/home/akamath/Documents/textureodershape/data/Task09_Spleen-experiment/in-domain/test/image/image_0196.png,test,0.8746630549430847,3.605551275463989,1.0,1.561824263787058
197,/home/akamath/Documents/textureodershape/data/Task09_Spleen-experiment/in-domain/test/image/image_0197.png,test,0.8739811778068542,4.123105625617661,1.0,1.6080647063816635
198,/home/akamath/Documents/textureodershape/data/Task09_Spleen-experiment/in-domain/test/image/image_0198.png,test,0.8683035969734192,5.0990195135927845,0.9913793103448276,1.7532324593264765
199,/home/akamath/Documents/textureodershape/data/Task09_Spleen-experiment/in-domain/test/image/image_0199.png,test,0.8814139366149902,6.324555320336759,0.974025974025974,1.609587127391508
200,/home/akamath/Documents/textureodershape/data/Task09_Spleen-experiment/in-domain/test/image/image_0200.png,test,0.8984796404838562,3.605551275463989,1.0,1.4803827291842269
201,/home/akamath/Documents/textureodershape/data/Task09_Spleen-experiment/in-domain/test/image/image_0201.png,test,0.8323489427566528,8.06225774829855,0.8571428571428571,2.480246672898692
202,/home/akamath/Documents/textureodershape/data/Task09_Spleen-experiment/in-domain/test/image/image_0202.png,test,0.8116554021835327,10.63014581273465,0.8122605363984674,2.9107326344476707
203,/home/akamath/Documents/textureodershape/data/Task09_Spleen-experiment/in-domain/test/image/image_0203.png,test,0.8317757248878479,6.4031242374328485,0.8540145985401459,2.886889969171735
204,/home/akamath/Documents/textureodershape/data/Task09_Spleen-experiment/in-domain/test/image/image_0204.png,test,0.6338436007499695,23.53720459187964,0.544,6.405817129248516
205,/home/akamath/Documents/textureodershape/data/Task09_Spleen-experiment/in-domain/test/image/image_0205.png,test,0.8921446204185486,5.830951894845301,0.975609756097561,2.038210042380206
206,/home/akamath/Documents/textureodershape/data/Task09_Spleen-experiment/in-domain/test/image/image_0206.png,test,0.8797762989997864,8.246211251235321,0.9273356401384083,2.263281367088541
207,/home/akamath/Documents/textureodershape/data/Task09_Spleen-experiment/in-domain/test/image/image_0207.png,test,0.878238320350647,8.06225774829855,0.9181494661921709,2.2656449087983517
208,/home/akamath/Documents/textureodershape/data/Task09_Spleen-experiment/in-domain/test/image/image_0208.png,test,0.6446141004562378,17.0,0.4745762711864407,6.32196873603333
209,/home/akamath/Documents/textureodershape/data/Task09_Spleen-experiment/in-domain/test/image/image_0209.png,test,0.9135255217552185,5.385164807134504,0.9922779922779923,1.5054172825540244
210,/home/akamath/Documents/textureodershape/data/Task09_Spleen-experiment/in-domain/test/image/image_0210.png,test,0.7079731225967407,14.7648230602334,0.6211453744493393,4.332214675750063
211,/home/akamath/Documents/textureodershape/data/Task09_Spleen-experiment/in-domain/test/image/image_0211.png,test,0.7839784026145935,9.433981132056603,0.7748917748917749,3.3442667888687616
212,/home/akamath/Documents/textureodershape/data/Task09_Spleen-experiment/in-domain/test/image/image_0212.png,test,0.786056637763977,7.280109889280518,0.8461538461538461,3.438242669913043
213,/home/akamath/Documents/textureodershape/data/Task09_Spleen-experiment/in-domain/test/image/image_0213.png,test,0.8127808570861816,7.280109889280518,0.9078341013824884,2.905872232112959
214,/home/akamath/Documents/textureodershape/data/Task09_Spleen-experiment/in-domain/test/image/image_0214.png,test,0.7908571362495422,8.06225774829855,0.805,3.1613949150886627
215,/home/akamath/Documents/textureodershape/data/Task09_Spleen-experiment/in-domain/test/image/image_0215.png,test,0.6301824450492859,16.55294535724685,0.7151515151515152,4.7130113273707614
